Date,Value
8/9/14,5.341
8/10/14,11.304
8/11/14,16.170
8/12/14,14.926
8/13/14,0.147
8/14/14,10.386
8/15/14,7.134
8/16/14,3.143
8/17/14,9.695
8/18/14,13.337
8/19/14,15.682
8/20/14,17.825
8/21/14,17.518
8/22/14,17.317
8/23/14,16.938
8/24/14,17.129
8/25/14,16.230
8/26/14,19.145
8/27/14,19.437
8/28/14,14.688
8/29/14,7.641
8/30/14,16.905
8/31/14,2.014
9/1/14,18.520
9/2/14,9.619
9/3/14,18.300
9/4/14,8.229
9/5/14,10.156
9/6/14,17.515
9/7/14,6.800
9/8/14,18.240
9/9/14,19.368
9/10/14,19.639
9/11/14,17.502
9/12/14,17.306
9/13/14,18.596
9/14/14,18.996
9/15/14,7.591
9/16/14,20.200
9/17/14,15.434
9/18/14,13.611
9/19/14,4.749
9/20/14,9.419
9/21/14,20.700
9/22/14,10.854
9/23/14,19.540
9/24/14,2.684
9/25/14,7.440
9/26/14,4.336
9/27/14,3.159
9/28/14,3.950
9/29/14,2.816
9/30/14,13.283
10/1/14,13.631
10/2/14,10.181
10/3/14,7.741
10/4/14,10.577
10/5/14,14.523
10/6/14,17.738
10/7/14,15.264
10/8/14,13.982
10/9/14,21.856
10/10/14,21.504
10/11/14,17.683
10/12/14,20.748
10/13/14,19.401
10/14/14,13.602
10/15/14,8.544
10/16/14,17.613
10/17/14,15.568
10/18/14,7.493
10/19/14,11.929
10/20/14,6.985
10/21/14,14.442
10/22/14,11.304
10/23/14,19.129
10/24/14,11.937
10/25/14,13.629
10/26/14,12.509
10/27/14,19.276
10/28/14,23.188
10/29/14,23.009
10/30/14,21.314
10/31/14,17.287
11/1/14,15.636
11/2/14,7.299
11/3/14,14.255
11/4/14,10.771
11/5/14,7.259
11/6/14,15.945
11/7/14,5.251
11/8/14,14.705
11/9/14,20.962
11/10/14,18.412
11/11/14,22.036
11/12/14,15.314
11/13/14,13.103
11/14/14,5.014
11/15/14,14.451
11/16/14,22.057
11/17/14,24.491
11/18/14,22.705
11/19/14,19.989
11/20/14,12.887
11/21/14,14.210
11/22/14,12.448
11/23/14,9.734
11/24/14,17.877
11/25/14,10.309
11/26/14,14.254
11/27/14,18.405
11/28/14,14.661
11/29/14,14.493
11/30/14,13.010
12/1/14,15.543
12/2/14,20.907
12/3/14,18.709
12/4/14,5.569
12/5/14,19.737
12/6/14,16.090
12/7/14,19.366
12/8/14,20.333
12/9/14,14.456
12/10/14,13.791
12/11/14,12.721
12/12/14,10.725
12/13/14,13.982
12/14/14,16.002
12/15/14,16.826
12/16/14,18.376
12/17/14,21.889
12/18/14,12.301
12/19/14,12.325
12/20/14,19.827
12/21/14,13.016
12/22/14,1.105
12/23/14,6.768
12/24/14,7.024
12/25/14,7.296
12/26/14,18.511
12/27/14,14.320
12/28/14,16.508
12/29/14,10.487
12/30/14,18.572
12/31/14,11.225
1/1/15,16.284
1/2/15,18.024
1/3/15,6.913
1/4/15,11.483
1/5/15,13.076
1/6/15,19.517
1/7/15,14.817
1/8/15,12.065
1/9/15,21.807
1/10/15,13.191
1/11/15,17.943
1/12/15,21.432
1/13/15,17.490
1/14/15,14.981
1/15/15,18.894
1/16/15,17.162
1/17/15,19.411
1/18/15,18.381
1/19/15,16.036
1/20/15,20.236
1/21/15,13.440
1/22/15,11.465
1/23/15,17.457
1/24/15,19.644
1/25/15,17.446
1/26/15,19.206
1/27/15,20.833
1/28/15,16.084
1/29/15,16.557
1/30/15,4.744
1/31/15,12.119
2/1/15,11.869
2/2/15,15.769
2/3/15,12.840
2/4/15,9.024
2/5/15,9.749
2/6/15,14.678
2/7/15,15.710
2/8/15,17.369
2/9/15,18.332
2/10/15,19.133
2/11/15,16.384
2/12/15,13.404
2/13/15,13.966
2/14/15,7.098
2/15/15,5.325
2/16/15,7.968
2/17/15,5.006
2/18/15,11.309
2/19/15,17.425
2/20/15,11.995
2/21/15,13.440
2/22/15,19.708
2/23/15,15.369
2/24/15,8.710
2/25/15,18.323
2/26/15,18.171
2/27/15,18.748
2/28/15,8.965
3/1/15,21.291
3/2/15,11.782
3/3/15,17.146
3/4/15,14.930
3/5/15,11.420
3/6/15,7.382
3/7/15,13.015
3/8/15,7.620
3/9/15,9.734
3/10/15,13.954
3/11/15,14.164
3/12/15,14.368
3/13/15,15.235
3/14/15,9.314
3/15/15,16.541
3/16/15,7.131
3/17/15,7.371
3/18/15,9.407
3/19/15,10.527
3/20/15,8.880
3/21/15,10.479
3/22/15,7.226
3/23/15,8.426
3/24/15,11.577
3/25/15,16.289
3/26/15,17.788
3/27/15,12.323
3/28/15,5.064
3/29/15,4.390
3/30/15,9.038
3/31/15,19.532
4/1/15,14.250
4/2/15,14.965
4/3/15,17.432
4/4/15,16.534
4/5/15,10.281
4/6/15,7.138
4/7/15,12.010
4/8/15,13.166
4/9/15,13.239
4/10/15,11.238
4/11/15,17.485
4/12/15,14.409
4/13/15,14.667
4/14/15,12.854
4/15/15,10.784
4/16/15,8.476
4/17/15,7.904
4/18/15,11.147
4/19/15,5.019
4/20/15,12.252
4/21/15,6.066
4/22/15,2.999
4/23/15,4.518
4/24/15,12.513
4/25/15,13.759
4/26/15,10.111
4/27/15,11.234
4/28/15,11.267
4/29/15,7.256
4/30/15,6.075
5/1/15,14.787
5/2/15,14.759
5/3/15,9.180
5/4/15,9.189
5/5/15,6.553
5/6/15,12.133
5/7/15,11.361
5/8/15,5.983
5/9/15,14.917
5/10/15,1.215
5/11/15,6.726
5/12/15,8.575
5/13/15,13.638
5/14/15,7.829
5/15/15,9.609
5/16/15,10.181
5/17/15,8.061
5/18/15,6.951
5/19/15,6.513
5/20/15,7.777
5/21/15,6.978
5/22/15,10.721
5/23/15,13.078
5/24/15,10.453
5/25/15,4.270
5/26/15,2.930
5/27/15,7.458
5/28/15,6.054
5/29/15,10.211
5/30/15,5.327
5/31/15,5.524
6/1/15,8.607
6/2/15,8.091
6/3/15,10.961
6/4/15,10.847
6/5/15,13.225
6/6/15,12.872
6/7/15,10.128
6/8/15,10.425
6/9/15,12.829
6/10/15,11.166
6/11/15,12.937
6/12/15,1.453
6/13/15,9.339
6/14/15,11.226
6/15/15,4.338
6/16/15,13.997
6/17/15,7.156
6/18/15,3.422
6/19/15,3.725
6/20/15,5.116
6/21/15,8.724
6/22/15,12.395
6/23/15,9.055
6/24/15,3.961
6/25/15,4.517
6/26/15,7.618
6/27/15,10.244
6/28/15,11.652
6/29/15,11.767
6/30/15,11.071
7/1/15,10.033
7/2/15,2.795
7/3/15,5.023
7/4/15,8.633
7/5/15,6.077
7/6/15,4.895
7/7/15,2.398
7/8/15,2.202
7/9/15,8.702
7/10/15,9.088
7/11/15,8.272
7/12/15,3.661
7/13/15,9.803
7/14/15,9.514
7/15/15,4.066
7/16/15,3.857
7/17/15,3.392
7/18/15,13.062
7/19/15,12.575
7/20/15,10.882
7/21/15,10.167
7/22/15,5.383
7/23/15,7.083
7/24/15,2.629
7/25/15,10.873
7/26/15,12.625
7/27/15,12.921
7/28/15,14.358
7/29/15,13.752
7/30/15,13.896
7/31/15,14.043
8/1/15,12.524
8/2/15,13.823
8/3/15,14.182
8/4/15,13.109
8/5/15,10.612
8/6/15,13.012
8/7/15,13.952
8/8/15,13.589
8/9/15,13.528
8/10/15,13.411
8/11/15,13.136
8/12/15,14.392
8/13/15,14.732
8/14/15,13.183
8/15/15,14.070
8/16/15,13.838
8/17/15,13.634
8/18/15,11.687
8/19/15,11.166
8/20/15,6.635
8/21/15,10.768
8/22/15,11.871
8/23/15,3.965
8/24/15,4.095
8/25/15,4.770
8/26/15,9.356
8/27/15,8.164
8/28/15,16.567
8/29/15,16.441
8/30/15,16.789
8/31/15,16.880
9/1/15,14.560
9/2/15,5.013
9/3/15,1.867
9/4/15,9.463
9/5/15,10.387
9/6/15,4.130
9/7/15,10.910
9/8/15,2.303
9/9/15,12.331
9/10/15,5.364
9/11/15,7.450
9/12/15,9.465
9/13/15,13.054
9/14/15,18.794
9/15/15,14.903
9/16/15,16.761
9/17/15,15.804
9/18/15,15.300
9/19/15,15.554
9/20/15,16.372
9/21/15,17.400
9/22/15,15.633
9/23/15,18.162
9/24/15,18.218
9/25/15,5.963
9/26/15,5.167
9/27/15,6.395
9/28/15,18.768
9/29/15,16.194
9/30/15,6.522
10/1/15,7.505
10/2/15,14.160
10/3/15,9.370
10/4/15,9.732
10/5/15,9.013
10/6/15,16.655
10/7/15,20.145
10/8/15,15.202
10/9/15,7.785
10/10/15,11.670
10/11/15,4.324
10/12/15,5.926
10/13/15,9.578
10/14/15,17.900
10/15/15,20.358
10/16/15,13.199
10/17/15,7.093
10/18/15,7.609
10/19/15,18.113
10/20/15,17.033
10/21/15,11.134
10/22/15,2.268
10/23/15,9.531
10/24/15,7.208
10/25/15,6.129
10/26/15,5.417
10/27/15,10.957
10/28/15,13.701
10/29/15,16.355
10/30/15,14.616
10/31/15,3.691
11/1/15,6.309
11/2/15,4.296
11/3/15,7.796
11/4/15,3.738
11/5/15,10.812
11/6/15,7.313
11/7/15,11.188
11/8/15,5.760
11/9/15,15.480
11/10/15,16.513
11/11/15,16.617
11/12/15,13.972
11/13/15,9.687
11/14/15,0.000
11/15/15,0.000
11/16/15,0.000
11/17/15,0.000
11/18/15,3.018
11/19/15,15.124
11/20/15,13.160
11/21/15,12.466
11/22/15,3.699
11/23/15,6.776
11/24/15,6.600
11/25/15,9.869
11/26/15,12.788
11/27/15,9.453
11/28/15,11.996
11/29/15,11.007
11/30/15,3.729
12/1/15,5.547
12/2/15,8.448
12/3/15,8.700
12/4/15,10.040
12/5/15,18.586
12/6/15,3.623
12/7/15,11.003
12/8/15,13.429
12/9/15,18.537
12/10/15,10.684
12/11/15,15.936
12/12/15,7.884
12/13/15,22.403
12/14/15,19.748
12/15/15,15.180
12/16/15,6.616
12/17/15,20.394
12/18/15,15.281
12/19/15,8.849
12/20/15,5.583
12/21/15,9.853
12/22/15,14.674
12/23/15,16.088
12/24/15,15.552
12/25/15,13.484
12/26/15,10.830
12/27/15,12.052
12/28/15,9.547
12/29/15,8.672
12/30/15,15.234
12/31/15,14.769
1/1/16,10.906
1/2/16,8.566
1/3/16,9.895
1/4/16,13.605
1/5/16,13.227
1/6/16,13.214
1/7/16,13.036
1/8/16,17.657
1/9/16,9.356
1/10/16,5.817
1/11/16,12.099
1/12/16,9.232
1/13/16,18.521
1/14/16,16.053
1/15/16,13.649
1/16/16,16.555
1/17/16,20.011
1/18/16,23.321
1/19/16,19.982
1/20/16,23.781
1/21/16,18.326
1/22/16,8.294
1/23/16,21.130
1/24/16,22.824
1/25/16,18.510
1/26/16,19.370
1/27/16,3.974
1/28/16,10.338
1/29/16,12.041
1/30/16,12.714
1/31/16,17.398
2/1/16,15.696
2/2/16,9.488
2/3/16,9.484
2/4/16,11.130
2/5/16,16.549
2/6/16,15.184
2/7/16,13.129
2/8/16,15.373
2/9/16,17.634
2/10/16,11.255
2/11/16,10.295
2/12/16,13.091
2/13/16,20.831
2/14/16,12.036
2/15/16,12.005
2/16/16,10.372
2/17/16,17.064
2/18/16,17.046
2/19/16,15.407
2/20/16,12.426
2/21/16,8.710
2/22/16,6.411
2/23/16,8.923
2/24/16,12.101
2/25/16,14.549
2/26/16,14.318
2/27/16,14.448
2/28/16,5.548
2/29/16,18.032
3/1/16,15.246
3/2/16,8.212
3/3/16,12.102
3/4/16,13.872
3/5/16,16.107
3/6/16,15.989
3/7/16,17.817
3/8/16,12.519
3/9/16,12.161
3/10/16,10.794
3/11/16,15.604
3/12/16,18.257
3/13/16,5.096
3/14/16,11.298
3/15/16,11.404
3/16/16,11.849
3/17/16,15.507
3/18/16,18.384
3/19/16,14.780
3/20/16,9.203
3/21/16,14.821
3/22/16,4.640
3/23/16,7.900
3/24/16,7.902
3/25/16,6.562
3/26/16,17.242
3/27/16,20.363
3/28/16,19.774
3/29/16,16.665
3/30/16,6.955
3/31/16,10.171
4/1/16,18.060
4/2/16,16.118
4/3/16,16.813
4/4/16,9.220
4/5/16,14.448
4/6/16,17.174
4/7/16,16.726
4/8/16,15.536
4/9/16,15.560
4/10/16,9.982
4/11/16,6.202
4/12/16,9.024
4/13/16,13.566
4/14/16,0.000
4/15/16,0.000
4/16/16,0.000
4/17/16,0.000
4/18/16,1.637
4/19/16,15.506
4/20/16,15.122
4/21/16,15.429
4/22/16,8.467
4/23/16,15.284
4/24/16,15.464
4/25/16,11.308
4/26/16,6.305
4/27/16,11.608
4/28/16,14.646
4/29/16,10.887
4/30/16,16.086
5/1/16,16.913
5/2/16,16.350
5/3/16,11.648
5/4/16,13.245
5/5/16,10.262
5/6/16,8.146
5/7/16,8.904
5/8/16,3.997
5/9/16,4.157
5/10/16,7.810
5/11/16,7.965
5/12/16,4.683
5/13/16,5.430
5/14/16,5.158
5/15/16,12.778
5/16/16,8.941
5/17/16,15.284
5/18/16,8.776
5/19/16,4.375
5/20/16,1.911
5/21/16,12.405
5/22/16,2.146
5/23/16,14.206
5/24/16,7.282
5/25/16,7.018
5/26/16,11.927
5/27/16,2.663
5/28/16,3.785
5/29/16,4.099
5/30/16,3.533
5/31/16,7.543
6/1/16,6.316
6/2/16,11.201
6/3/16,8.481
6/4/16,7.061
6/5/16,2.423
6/6/16,1.772
6/7/16,11.811
6/8/16,14.424
6/9/16,13.209
6/10/16,12.767
6/11/16,14.531
6/12/16,14.377
6/13/16,14.174
6/14/16,13.478
6/15/16,12.370
6/16/16,11.698
6/17/16,10.742
6/18/16,1.978
6/19/16,3.988
6/20/16,2.169
6/21/16,2.926
6/22/16,2.374
6/23/16,6.775
6/24/16,7.847
6/25/16,10.737
6/26/16,3.562
6/27/16,11.749
6/28/16,12.873
6/29/16,10.792
6/30/16,7.637
7/1/16,10.586
7/2/16,11.005
7/3/16,12.189
7/4/16,10.652
7/5/16,10.183
7/6/16,5.405
7/7/16,13.968
7/8/16,12.014
7/9/16,13.167
7/10/16,12.722
7/11/16,12.760
7/12/16,10.338
7/13/16,1.778
7/14/16,9.633
7/15/16,6.407
7/16/16,6.038
7/17/16,15.170
7/18/16,14.380
7/19/16,4.312
7/20/16,6.450
7/21/16,8.973
7/22/16,10.211
7/23/16,13.354
7/24/16,13.341
7/25/16,13.308
7/26/16,13.822
7/27/16,14.931
7/28/16,5.859
7/29/16,3.759
7/30/16,7.864
7/31/16,10.055
8/1/16,14.147
8/2/16,4.866
8/3/16,6.180
8/4/16,8.953
8/5/16,12.886
8/6/16,13.230
8/7/16,6.005
8/8/16,2.150
8/9/16,4.490
8/10/16,15.987
8/11/16,15.992
8/12/16,16.013
8/13/16,15.783
8/14/16,13.208
8/15/16,2.654
8/16/16,13.791
8/17/16,12.414
8/18/16,2.092
8/19/16,3.597
8/20/16,1.198
8/21/16,3.543
8/22/16,16.948
8/23/16,17.061
8/24/16,16.664
8/25/16,12.990
8/26/16,15.896
8/27/16,13.898
8/28/16,16.503
8/29/16,13.027
8/30/16,3.244
8/31/16,12.718
9/1/16,15.627
9/2/16,10.367
9/3/16,2.893
9/4/16,4.793
9/5/16,5.723
9/6/16,12.125
9/7/16,19.447
9/8/16,17.134
9/9/16,15.832
9/10/16,15.537
9/11/16,15.563
9/12/16,15.009
9/13/16,11.651
9/14/16,18.694
9/15/16,18.830
9/16/16,15.669
9/17/16,15.797
9/18/16,7.783
9/19/16,8.759
9/20/16,19.526
9/21/16,14.623
9/22/16,15.223
9/23/16,17.660
9/24/16,11.636
9/25/16,12.362
9/26/16,15.740
9/27/16,19.095
9/28/16,19.113
9/29/16,19.055
9/30/16,7.816
10/1/16,11.946
10/2/16,8.349
10/3/16,5.957
10/4/16,12.412
10/5/16,9.542
10/6/16,8.509
10/7/16,13.466
10/8/16,19.094
10/9/16,10.079
10/10/16,13.583
10/11/16,5.962
10/12/16,16.592
10/13/16,4.655
10/14/16,8.416
10/15/16,11.042
10/16/16,18.034
10/17/16,16.849
10/18/16,13.370
10/19/16,16.350
10/20/16,13.284
10/21/16,3.626
10/22/16,7.394
10/23/16,6.904
10/24/16,15.208
10/25/16,7.786
10/26/16,10.257
10/27/16,16.987
10/28/16,22.773
10/29/16,7.765
10/30/16,10.045
10/31/16,9.911
11/1/16,18.471
11/2/16,8.422
11/3/16,7.905
11/4/16,12.173
11/5/16,18.666
11/6/16,12.008
11/7/16,16.045
11/8/16,17.582
11/9/16,6.586
11/10/16,20.243
11/11/16,17.681
11/12/16,4.859
11/13/16,8.240
11/14/16,10.539
11/15/16,14.200
11/16/16,13.257
11/17/16,15.381
11/18/16,22.794
11/19/16,13.982
11/20/16,22.769
11/21/16,22.100
11/22/16,10.480
11/23/16,11.124
11/24/16,13.022
11/25/16,9.625
11/26/16,14.129
11/27/16,17.678
11/28/16,16.955
11/29/16,6.382
11/30/16,7.807
12/1/16,10.775
12/2/16,8.864
12/3/16,5.743
12/4/16,13.349
12/5/16,22.800
12/6/16,22.200
12/7/16,14.601
12/8/16,12.299
12/9/16,5.986
12/10/16,7.795
12/11/16,8.112
12/12/16,11.189
12/13/16,17.664
12/14/16,12.050
12/15/16,4.532
12/16/16,11.354
12/17/16,11.538
12/18/16,14.004
12/19/16,21.256
12/20/16,11.662
12/21/16,11.980
12/22/16,12.396
12/23/16,14.955
12/24/16,17.767
12/25/16,16.311
12/26/16,20.340
12/27/16,18.500
12/28/16,9.929
12/29/16,14.399
12/30/16,8.511
12/31/16,12.209
1/1/17,15.661
1/2/17,13.660
1/3/17,13.147
1/4/17,17.976
1/5/17,15.165
1/6/17,11.214
1/7/17,12.937
1/8/17,12.907
1/9/17,16.292
1/10/17,17.644
1/11/17,16.733
1/12/17,8.823
1/13/17,22.592
1/14/17,21.791
1/15/17,19.094
1/16/17,12.813
1/17/17,13.484
1/18/17,15.600
1/19/17,11.292
1/20/17,14.630
1/21/17,11.984
1/22/17,13.205
1/23/17,11.263
1/24/17,15.550
1/25/17,9.534
1/26/17,14.870
1/27/17,6.215
1/28/17,9.701
1/29/17,11.036
1/30/17,16.736
1/31/17,7.586
2/1/17,11.490
2/2/17,15.542
2/3/17,12.107
2/4/17,17.249
2/5/17,19.079
2/6/17,19.099
2/7/17,13.987
2/8/17,10.498
2/9/17,15.095
2/10/17,15.085
2/11/17,12.999
2/12/17,10.560
2/13/17,8.571
2/14/17,15.873
2/15/17,18.163
2/16/17,16.890
2/17/17,17.329
2/18/17,16.591
2/19/17,18.506
2/20/17,20.491
2/21/17,20.742
2/22/17,17.538
2/23/17,15.181
2/24/17,11.923
2/25/17,15.936
2/26/17,12.029
2/27/17,14.212
2/28/17,17.509
3/1/17,10.563
3/2/17,11.981
3/3/17,10.621
3/4/17,14.860
3/5/17,8.072
3/6/17,13.362
3/7/17,10.682
3/8/17,10.732
3/9/17,15.519
3/10/17,13.963
3/11/17,9.881
3/12/17,16.587
3/13/17,7.894
3/14/17,6.165
3/15/17,12.389
3/16/17,12.930
3/17/17,3.720
3/18/17,2.563
3/19/17,9.119
3/20/17,11.674
3/21/17,13.135
3/22/17,16.942
3/23/17,11.049
3/24/17,13.404
3/25/17,14.723
3/26/17,11.364
3/27/17,7.456
3/28/17,12.805
3/29/17,14.613
3/30/17,11.408
3/31/17,8.853
4/1/17,9.680
4/2/17,13.104
4/3/17,13.214
4/4/17,11.771
4/5/17,7.657
4/6/17,2.828
4/7/17,4.088
4/8/17,8.908
4/9/17,9.620
4/10/17,10.892
4/11/17,8.648
4/12/17,3.713
4/13/17,7.463
4/14/17,14.495
4/15/17,14.427
4/16/17,8.590
4/17/17,5.835
4/18/17,12.600
4/19/17,9.206
4/20/17,10.671
4/21/17,6.583
4/22/17,6.911
4/23/17,10.183
4/24/17,11.962
4/25/17,9.965
4/26/17,5.203
4/27/17,16.689
4/28/17,15.026
4/29/17,15.304
4/30/17,10.783
5/1/17,10.766
5/2/17,11.326
5/3/17,10.291
5/4/17,7.486
5/5/17,4.902
5/6/17,7.717
5/7/17,8.234
5/8/17,11.969
5/9/17,11.611
5/10/17,3.784
5/11/17,6.328
5/12/17,10.255
5/13/17,13.201
5/14/17,14.561
5/15/17,14.197
5/16/17,10.873
5/17/17,6.121
5/18/17,1.432
5/19/17,2.450
5/20/17,8.542
5/21/17,1.255
5/22/17,5.488
5/23/17,12.352
5/24/17,11.147
5/25/17,12.576
5/26/17,12.323
5/27/17,2.076
5/28/17,3.291
5/29/17,6.865
5/30/17,3.394
5/31/17,5.580
6/1/17,12.071
6/2/17,9.573
6/3/17,11.791
6/4/17,11.453
6/5/17,2.432
6/6/17,1.528
6/7/17,5.349
6/8/17,9.701
6/9/17,5.082
6/10/17,13.609
6/11/17,12.964
6/12/17,9.785
6/13/17,4.149
6/14/17,9.372
6/15/17,6.912
6/16/17,10.026
6/17/17,12.847
6/18/17,10.705
6/19/17,1.895
6/20/17,3.536
6/21/17,5.106
6/22/17,6.831
6/23/17,8.043
6/24/17,11.966
6/25/17,11.568
6/26/17,12.596
6/27/17,11.991
6/28/17,12.208
6/29/17,10.329
6/30/17,10.262
7/1/17,6.980
7/2/17,5.510
7/3/17,6.291
7/4/17,6.449
7/5/17,12.079
7/6/17,8.487
7/7/17,3.969
7/8/17,6.351
7/9/17,10.091
7/10/17,10.915
7/11/17,12.459
7/12/17,12.702
7/13/17,12.566
7/14/17,12.174
7/15/17,12.831
7/16/17,12.822
7/17/17,9.611
7/18/17,10.900
7/19/17,8.808
7/20/17,11.217
7/21/17,13.605
7/22/17,12.045
7/23/17,9.720
7/24/17,
7/25/17,
7/26/17,
7/27/17,
7/28/17,
7/29/17,
7/30/17,
7/31/17,
8/1/17,
8/2/17,
8/3/17,
8/4/17,
8/5/17,
8/6/17,
8/7/17,
8/8/17,
8/9/17,
8/10/17,
8/11/17,
8/12/17,
8/13/17,
8/14/17,
8/15/17,
8/16/17,
8/17/17,
8/18/17,
8/19/17,9.881
8/20/17,3.443
8/21/17,12.618
8/22/17,8.490
8/23/17,8.328
8/24/17,13.875
8/25/17,11.861
8/26/17,15.769
8/27/17,14.427
8/28/17,12.790
8/29/17,14.958
8/30/17,15.277
8/31/17,4.934
9/1/17,7.466
9/2/17,7.819
9/3/17,16.293
9/4/17,16.647
9/5/17,16.103
9/6/17,14.555
9/7/17,16.159
9/8/17,16.034
9/9/17,13.551
9/10/17,16.091
9/11/17,14.073
9/12/17,15.487
9/13/17,16.507
9/14/17,16.744
9/15/17,14.738
9/16/17,15.335
9/17/17,13.412
9/18/17,12.415
9/19/17,13.593
9/20/17,16.420
9/21/17,16.997
9/22/17,15.868
9/23/17,12.373
9/24/17,4.426
9/25/17,14.713
9/26/17,14.694
9/27/17,15.009
9/28/17,9.732
9/29/17,3.394
9/30/17,6.127
10/1/17,13.538
10/2/17,7.617
10/3/17,18.030
10/4/17,19.819
10/5/17,18.079
10/6/17,12.182
10/7/17,6.980
10/8/17,10.025
10/9/17,6.304
10/10/17,9.428
10/11/17,12.639
10/12/17,17.174
10/13/17,15.053
10/14/17,10.616
10/15/17,
10/16/17,
10/17/17,
10/18/17,
10/19/17,
10/20/17,
10/21/17,
10/22/17,
10/23/17,
10/24/17,10.223
10/25/17,4.614
10/26/17,11.515
10/27/17,5.131
10/28/17,19.967
10/29/17,6.600
10/30/17,8.685
10/31/17,11.201
11/1/17,19.965
11/2/17,19.327
11/3/17,6.720
11/4/17,5.656
11/5/17,6.525
11/6/17,5.245
11/7/17,15.287
11/8/17,6.078
11/9/17,12.203
11/10/17,8.974
11/11/17,17.600
11/12/17,22.296
11/13/17,21.429
11/14/17,21.878
11/15/17,20.797
11/16/17,17.678
11/17/17,14.190
11/18/17,4.291
11/19/17,10.100
11/20/17,11.514
11/21/17,12.521
11/22/17,11.470
11/23/17,9.394
11/24/17,19.958
11/25/17,17.786
11/26/17,16.245
11/27/17,15.288
11/28/17,12.979
11/29/17,20.225
11/30/17,17.392
12/1/17,11.216
12/2/17,14.220
12/3/17,14.800
12/4/17,14.856
12/5/17,7.931
12/6/17,14.675
12/7/17,9.761
12/8/17,17.785
12/9/17,16.815
12/10/17,17.872
12/11/17,15.473
12/12/17,6.714
12/13/17,11.485
12/14/17,17.681
12/15/17,8.132
12/16/17,18.858
12/17/17,17.374
12/18/17,10.213
12/19/17,11.055
12/20/17,9.210
12/21/17,9.264
12/22/17,15.129
12/23/17,12.297
12/24/17,11.713
12/25/17,5.835
12/26/17,7.895
12/27/17,11.095
12/28/17,10.960
12/29/17,6.086
12/30/17,9.750
12/31/17,14.156
1/1/18,15.539
1/2/18,13.644
1/3/18,17.542
1/4/18,20.196
1/5/18,20.325
1/6/18,13.368
1/7/18,8.829
1/8/18,6.386
1/9/18,4.607
1/10/18,6.839
1/11/18,9.712
1/12/18,11.247
1/13/18,14.639
1/14/18,14.235
1/15/18,15.422
1/16/18,12.673
1/17/18,12.418
1/18/18,14.973
1/19/18,8.418
1/20/18,8.026
1/21/18,11.606
1/22/18,17.062
1/23/18,18.200
1/24/18,18.393
1/25/18,12.799
1/26/18,8.187
1/27/18,12.798
1/28/18,16.365
1/29/18,12.057
1/30/18,12.465
1/31/18,20.250
2/1/18,16.218
2/2/18,14.164
2/3/18,24.062
2/4/18,16.099
2/5/18,15.719
2/6/18,20.793
2/7/18,16.275
2/8/18,19.206
2/9/18,17.018
2/10/18,15.602
2/11/18,11.208
2/12/18,5.195
2/13/18,5.635
2/14/18,7.258
2/15/18,10.182
2/16/18,6.387
2/17/18,11.941
2/18/18,10.777
2/19/18,11.738
2/20/18,14.127
2/21/18,15.851
2/22/18,18.768
2/23/18,16.939
2/24/18,16.721
2/25/18,16.929
2/26/18,18.638
2/27/18,16.363
2/28/18,16.452
3/1/18,18.200
3/2/18,12.951
3/3/18,13.096
3/4/18,13.888
3/5/18,17.199
3/6/18,13.542
3/7/18,8.889
3/8/18,9.601
3/9/18,14.920
3/10/18,13.667
3/11/18,18.133
3/12/18,18.577
3/13/18,15.813
3/14/18,10.962
3/15/18,15.019
3/16/18,17.110
3/17/18,10.507
3/18/18,16.528
3/19/18,14.475
3/20/18,9.170
3/21/18,6.466
3/22/18,5.719
3/23/18,14.541
3/24/18,16.287
3/25/18,8.828
3/26/18,3.153
3/27/18,6.030
3/28/18,13.107
3/29/18,10.655
3/30/18,13.815
3/31/18,8.304
4/1/18,11.779
4/2/18,13.145
4/3/18,15.361
4/4/18,15.134
4/5/18,14.575
4/6/18,12.316
4/7/18,14.360
4/8/18,16.246
4/9/18,16.316
4/10/18,17.240
4/11/18,17.820
4/12/18,18.087
4/13/18,17.007
4/14/18,5.325
4/15/18,6.246
4/16/18,6.262
4/17/18,8.128
4/18/18,15.643
4/19/18,17.280
4/20/18,16.967
4/21/18,15.324
4/22/18,16.926
4/23/18,15.645
4/24/18,14.898
4/25/18,13.700
4/26/18,15.022
4/27/18,11.774
4/28/18,12.668
4/29/18,14.657
4/30/18,14.583
5/1/18,12.360
5/2/18,7.487
5/3/18,13.061
5/4/18,13.992
5/5/18,11.326
5/6/18,9.967
5/7/18,7.206
5/8/18,7.325
5/9/18,5.800
5/10/18,14.455
5/11/18,12.665
5/12/18,14.302
5/13/18,10.943
5/14/18,13.258
5/15/18,13.885
5/16/18,9.150
5/17/18,7.772
5/18/18,9.387
5/19/18,7.906
5/20/18,15.752
5/21/18,15.379
5/22/18,14.870
5/23/18,12.090
5/24/18,13.864
5/25/18,4.603
5/26/18,6.273
5/27/18,12.414
5/28/18,12.085
5/29/18,11.645
5/30/18,13.573
5/31/18,13.075
6/1/18,8.868
6/2/18,3.360
6/3/18,2.853
6/4/18,2.559
6/5/18,3.276
6/6/18,7.472
6/7/18,2.148
6/8/18,14.579
6/9/18,11.046
6/10/18,8.703
6/11/18,11.356
6/12/18,2.995
6/13/18,8.085
6/14/18,2.582
6/15/18,1.239
6/16/18,1.953
6/17/18,5.333
6/18/18,6.651
6/19/18,8.664
6/20/18,11.602
6/21/18,11.557
6/22/18,12.193
6/23/18,13.020
6/24/18,12.619
6/25/18,12.733
6/26/18,9.661
6/27/18,3.995
6/28/18,10.708
6/29/18,12.317
6/30/18,11.249
7/1/18,10.639
7/2/18,11.977
7/3/18,9.285
7/4/18,8.855
7/5/18,12.537
7/6/18,10.997
7/7/18,9.557
7/8/18,11.762
7/9/18,2.834
7/10/18,9.801
7/11/18,13.178
7/12/18,12.730
7/13/18,12.800
7/14/18,13.027
7/15/18,12.984
7/16/18,12.371
7/17/18,12.492
7/18/18,12.811
7/19/18,12.887
7/20/18,13.197
7/21/18,8.677
7/22/18,4.130
7/23/18,11.516
7/24/18,4.032
7/25/18,6.882
7/26/18,10.888
7/27/18,11.776
7/28/18,10.109
7/29/18,11.215
7/30/18,3.810
7/31/18,8.464
8/1/18,2.126
8/2/18,4.956
8/3/18,4.864
8/4/18,5.956
8/5/18,8.975
8/6/18,6.614
8/7/18,14.598
8/8/18,9.390
8/9/18,12.229
8/10/18,15.369
8/11/18,15.286
8/12/18,15.251
8/13/18,13.146
8/14/18,15.201
8/15/18,7.889
8/16/18,2.715
8/17/18,6.773
8/18/18,10.340
8/19/18,14.686
8/20/18,14.477
8/21/18,8.647
8/22/18,4.895
8/23/18,13.752
8/24/18,8.395
8/25/18,14.616
8/26/18,17.692
8/27/18,17.007
8/28/18,12.672
8/29/18,15.626
8/30/18,17.077
8/31/18,16.554
9/1/18,10.911
9/2/18,5.302
9/3/18,5.473
9/4/18,9.420
9/5/18,15.707
9/6/18,18.583
9/7/18,18.192
9/8/18,15.137
9/9/18,7.241
9/10/18,7.127
9/11/18,7.784
9/12/18,8.941
9/13/18,4.683
9/14/18,3.091
9/15/18,9.164
9/16/18,10.768
9/17/18,5.560
9/18/18,14.792
9/19/18,14.221
9/20/18,4.273
9/21/18,15.978
9/22/18,15.884
9/23/18,18.043
9/24/18,17.383
9/25/18,15.652
9/26/18,12.388
9/27/18,7.739
9/28/18,9.487
9/29/18,12.410
9/30/18,10.793
10/1/18,16.108
10/2/18,6.495
10/3/18,6.070
10/4/18,5.417
10/5/18,5.132
10/6/18,3.615
10/7/18,4.515
10/8/18,3.927
10/9/18,14.430
10/10/18,11.513
10/11/18,4.590
10/12/18,11.220
10/13/18,7.402
10/14/18,3.477
10/15/18,3.244
10/16/18,3.639
10/17/18,15.014
10/18/18,8.724
10/19/18,7.824
10/20/18,14.066
10/21/18,13.770
10/22/18,18.624
10/23/18,13.486
10/24/18,4.510
10/25/18,9.985
10/26/18,7.924
10/27/18,
10/28/18,
10/29/18,
10/30/18,
10/31/18,
11/1/18,
11/2/18,
11/3/18,
11/4/18,
11/5/18,
11/6/18,
11/7/18,
11/8/18,
11/9/18,
11/10/18,
11/11/18,
11/12/18,
11/13/18,
11/14/18,
11/15/18,
11/16/18,
11/17/18,
11/18/18,
11/19/18,13.732
11/20/18,20.146
11/21/18,13.518
11/22/18,14.533
11/23/18,13.366
11/24/18,15.647
11/25/18,18.523
11/26/18,11.074
11/27/18,15.066
11/28/18,12.587
11/29/18,12.454
11/30/18,13.463
12/1/18,13.321
12/2/18,15.855
12/3/18,11.503
12/4/18,21.225
12/5/18,23.432
12/6/18,19.848
12/7/18,10.059
12/8/18,19.093
12/9/18,22.344
12/10/18,21.256
12/11/18,20.257
12/12/18,20.401
12/13/18,17.288
12/14/18,20.895
12/15/18,14.344
12/16/18,16.702
12/17/18,18.746
12/18/18,17.624
12/19/18,19.593
12/20/18,17.451
12/21/18,15.403
12/22/18,19.027
12/23/18,14.849
12/24/18,11.309
12/25/18,12.243
12/26/18,16.342
12/27/18,12.634
12/28/18,17.447
12/29/18,19.904
12/30/18,18.370
12/31/18,16.379
1/1/19,20.382
1/2/19,19.644
1/3/19,20.940
1/4/19,11.384
1/5/19,8.712
1/6/19,10.989
1/7/19,19.210
1/8/19,18.331
1/9/19,19.333
1/10/19,14.020
1/11/19,13.832
1/12/19,13.018
1/13/19,16.527
1/14/19,14.739
1/15/19,18.246
1/16/19,13.113
1/17/19,10.723
1/18/19,17.545
1/19/19,20.866
1/20/19,7.614
1/21/19,17.792
1/22/19,13.794
1/23/19,14.229
1/24/19,10.701
1/25/19,17.776
1/26/19,19.548
1/27/19,14.887
1/28/19,21.442
1/29/19,20.582
1/30/19,20.109
1/31/19,12.041
2/1/19,20.780
2/2/19,18.181
2/3/19,11.790
2/4/19,6.709
2/5/19,6.772
2/6/19,12.944
2/7/19,14.970
2/8/19,16.166
2/9/19,21.134
2/10/19,20.243
2/11/19,11.917
2/12/19,12.522
2/13/19,4.837
2/14/19,12.603
2/15/19,2.085
2/16/19,9.379
2/17/19,10.286
2/18/19,19.589
2/19/19,16.973
2/20/19,13.316
2/21/19,10.172
2/22/19,12.971
2/23/19,19.496
2/24/19,18.026
2/25/19,14.554
2/26/19,5.611
2/27/19,4.426
2/28/19,8.686
3/1/19,9.783
3/2/19,17.041
3/3/19,17.374
3/4/19,15.075
3/5/19,18.402
3/6/19,13.098
3/7/19,12.639
3/8/19,16.705
3/9/19,14.908
3/10/19,7.054
3/11/19,6.885
3/12/19,11.861
3/13/19,13.338
3/14/19,13.957
3/15/19,9.970
3/16/19,9.591
3/17/19,8.624
3/18/19,13.111
3/19/19,13.444
3/20/19,9.602
3/21/19,4.969
3/22/19,9.048
3/23/19,19.546
3/24/19,17.995
3/25/19,16.522
3/26/19,7.833
3/27/19,4.518
3/28/19,4.891
3/29/19,12.675
3/30/19,17.973
3/31/19,14.982
4/1/19,16.681
4/2/19,17.269
4/3/19,12.639
4/4/19,13.662
4/5/19,12.052
4/6/19,7.415
4/7/19,5.026
4/8/19,6.237
4/9/19,6.299
4/10/19,13.303
4/11/19,12.054
4/12/19,15.506
4/13/19,15.746
4/14/19,8.341
4/15/19,15.988
4/16/19,8.169
4/17/19,15.320
4/18/19,16.602
4/19/19,16.757
4/20/19,12.764
4/21/19,6.447
4/22/19,4.415
4/23/19,5.867
4/24/19,6.570
4/25/19,8.752
4/26/19,11.297
4/27/19,10.594
4/28/19,2.913
4/29/19,11.445
4/30/19,12.656
5/1/19,6.713
5/2/19,12.371
5/3/19,13.189
5/4/19,11.120
5/5/19,14.007
5/6/19,13.335
5/7/19,5.365
5/8/19,7.285
5/9/19,7.668
5/10/19,8.588
5/11/19,4.541
5/12/19,5.775
5/13/19,5.520
5/14/19,13.169
5/15/19,5.354
5/16/19,6.489
5/17/19,3.717
5/18/19,5.488
5/19/19,5.246
5/20/19,9.862
5/21/19,11.199
5/22/19,11.662
5/23/19,1.135
5/24/19,5.675
5/25/19,12.464
5/26/19,14.416
5/27/19,11.044
5/28/19,0.756
5/29/19,3.075
5/30/19,3.787
5/31/19,0.835
6/1/19,3.775
6/2/19,5.360
6/3/19,7.120
6/4/19,14.235
6/5/19,6.922
6/6/19,8.125
6/7/19,7.755
6/8/19,12.813
6/9/19,12.921
6/10/19,11.898
6/11/19,10.964
6/12/19,11.432
6/13/19,11.915
6/14/19,11.692
6/15/19,11.322
6/16/19,12.150
6/17/19,11.068
6/18/19,5.507
6/19/19,11.881
6/20/19,9.109
6/21/19,2.576
6/22/19,7.310
6/23/19,12.531
6/24/19,12.470
6/25/19,12.387
6/26/19,0.796
6/27/19,5.180
6/28/19,10.881
6/29/19,10.896
6/30/19,12.485
7/1/19,10.073
7/2/19,7.026
7/3/19,5.727
7/4/19,6.378
7/5/19,12.136
7/6/19,13.904
7/7/19,13.787
7/8/19,13.325
7/9/19,12.159
7/10/19,12.783
7/11/19,13.090
7/12/19,12.844
7/13/19,11.901
7/14/19,11.220
7/15/19,2.142
7/16/19,14.074
7/17/19,8.775
7/18/19,7.260
7/19/19,10.675
7/20/19,11.963
7/21/19,11.742
7/22/19,11.752
7/23/19,13.361
7/24/19,12.509
7/25/19,9.371
7/26/19,10.887
7/27/19,11.453
7/28/19,6.106
7/29/19,9.741
7/30/19,7.085
7/31/19,13.174
8/1/19,13.833
8/2/19,7.061
8/3/19,15.162
8/4/19,7.596
8/5/19,6.196
8/6/19,11.111
8/7/19,12.186
8/8/19,11.710
8/9/19,13.114
8/10/19,13.695
8/11/19,9.975
8/12/19,14.171
8/13/19,5.330
8/14/19,9.116
8/15/19,10.472
8/16/19,14.068
8/17/19,15.145
8/18/19,6.565
8/19/19,0.515
8/20/19,3.016
8/21/19,7.343
8/22/19,9.888
8/23/19,13.234
8/24/19,9.678
8/25/19,12.449
8/26/19,10.650
8/27/19,12.032
8/28/19,12.049
8/29/19,14.660
8/30/19,15.835
8/31/19,11.053
9/1/19,2.556
9/2/19,5.024
9/3/19,7.923
9/4/19,3.084
9/5/19,2.571
9/6/19,5.316
9/7/19,15.835
9/8/19,15.899
9/9/19,16.451
9/10/19,14.914
9/11/19,13.383
9/12/19,13.856
9/13/19,5.019
9/14/19,6.843
9/15/19,13.995
9/16/19,16.005
9/17/19,14.929
9/18/19,8.243
9/19/19,3.627
9/20/19,4.287
9/21/19,2.706
9/22/19,5.767
9/23/19,9.466
9/24/19,7.537
9/25/19,11.877
9/26/19,12.582
9/27/19,18.120
9/28/19,14.747
9/29/19,16.999
9/30/19,14.345
10/1/19,19.549
10/2/19,18.686
10/3/19,16.494
10/4/19,18.419
10/5/19,17.865
10/6/19,1.897
10/7/19,4.547
10/8/19,13.218
10/9/19,19.537
10/10/19,20.110
10/11/19,18.964
10/12/19,18.616
10/13/19,17.985
10/14/19,15.300
10/15/19,5.569
10/16/19,10.496
10/17/19,14.123
10/18/19,14.995
10/19/19,10.490
10/20/19,12.436
10/21/19,5.287
10/22/19,15.033
10/23/19,10.463
10/24/19,18.852
10/25/19,18.431
10/26/19,13.146
10/27/19,20.489
10/28/19,6.684
10/29/19,17.568
10/30/19,17.047
10/31/19,11.834
11/1/19,14.559
11/2/19,15.624
11/3/19,15.005
11/4/19,15.145
11/5/19,7.441
11/6/19,8.750
11/7/19,10.189
11/8/19,11.645
11/9/19,14.081
11/10/19,7.399
11/11/19,11.978
11/12/19,10.197
11/13/19,10.965
11/14/19,7.007
11/15/19,11.719
11/16/19,20.687
11/17/19,20.414
11/18/19,22.870
11/19/19,17.334
11/20/19,17.836
11/21/19,16.995
11/22/19,18.325
11/23/19,9.826
11/24/19,6.966
11/25/19,21.017
11/26/19,15.019
11/27/19,6.814
11/28/19,5.447
11/29/19,22.478
11/30/19,20.756
12/1/19,15.601
12/2/19,9.193
12/3/19,10.944
12/4/19,10.476
12/5/19,8.507
12/6/19,12.489
12/7/19,19.811
12/8/19,14.037
12/9/19,7.953
12/10/19,11.253
12/11/19,10.889
12/12/19,18.803
12/13/19,11.256
12/14/19,10.297
12/15/19,11.280
12/16/19,7.600
12/17/19,6.299
12/18/19,8.210
12/19/19,8.264
12/20/19,14.953
12/21/19,19.000
12/22/19,19.260
12/23/19,15.765
12/24/19,14.236
12/25/19,20.278
12/26/19,20.601
12/27/19,22.703
12/28/19,20.116
12/29/19,21.917
12/30/19,20.728
12/31/19,20.406
1/1/20,15.364
1/2/20,9.697
1/3/20,13.084
1/4/20,7.665
1/5/20,15.415
1/6/20,19.105
1/7/20,12.213
1/8/20,14.087
1/9/20,13.070
1/10/20,13.067
1/11/20,13.446
1/12/20,14.066
1/13/20,19.247
1/14/20,16.330
1/15/20,15.004
1/16/20,13.494
1/17/20,5.044
1/18/20,8.517
1/19/20,15.022
1/20/20,18.391
1/21/20,17.968
1/22/20,6.549
1/23/20,7.121
1/24/20,15.461
1/25/20,21.645
1/26/20,19.677
1/27/20,18.459
1/28/20,14.400
1/29/20,16.337
1/30/20,12.600
1/31/20,16.448
2/1/20,1.397
2/2/20,0.000
2/3/20,0.000
2/4/20,0.000
2/5/20,0.000
2/6/20,0.000
2/7/20,0.000
2/8/20,0.000
2/9/20,0.000
2/10/20,0.000
2/11/20,0.000
2/12/20,0.000
2/13/20,0.000
2/14/20,8.348
2/15/20,15.632
2/16/20,14.777
2/17/20,12.649
2/18/20,2.273
2/19/20,11.667
2/20/20,15.474
2/21/20,10.979
2/22/20,5.631
2/23/20,14.866
2/24/20,10.318
2/25/20,4.986
2/26/20,4.718
2/27/20,19.675
2/28/20,17.840
2/29/20,14.589
3/1/20,10.538
3/2/20,3.893
3/3/20,11.836
3/4/20,17.766
3/5/20,16.029
3/6/20,15.857
3/7/20,14.172
3/8/20,15.994
3/9/20,19.600
3/10/20,18.808
3/11/20,19.517
3/12/20,18.021
3/13/20,18.847
3/14/20,19.438
3/15/20,17.335
3/16/20,16.583
3/17/20,12.835
3/18/20,12.738
3/19/20,16.205
3/20/20,15.430
3/21/20,9.868
3/22/20,16.255
3/23/20,15.760
3/24/20,16.245
3/25/20,14.777
3/26/20,18.883
3/27/20,14.239
3/28/20,13.506
3/29/20,9.029
3/30/20,15.387
3/31/20,15.937
4/1/20,14.142
4/2/20,13.542
4/3/20,19.174
4/4/20,18.270
4/5/20,17.663
4/6/20,13.413
4/7/20,10.874
4/8/20,15.642
4/9/20,17.386
4/10/20,14.506
4/11/20,9.109
4/12/20,15.905
4/13/20,14.834
4/14/20,10.988
4/15/20,18.001
4/16/20,17.397
4/17/20,15.559
4/18/20,4.900
4/19/20,10.420
4/20/20,11.543
4/21/20,15.155
4/22/20,16.458
4/23/20,15.170
4/24/20,16.177
4/25/20,14.782
4/26/20,14.649
4/27/20,10.415
4/28/20,11.442
4/29/20,14.338
4/30/20,13.374
5/1/20,10.281
5/2/20,15.126
5/3/20,14.218
5/4/20,14.834
5/5/20,10.786
5/6/20,2.635
5/7/20,14.472
5/8/20,12.183
5/9/20,13.792
5/10/20,14.582
5/11/20,14.543
5/12/20,10.094
5/13/20,4.939
5/14/20,4.045
5/15/20,5.009
5/16/20,11.778
5/17/20,13.973
5/18/20,13.970
5/19/20,13.821
5/20/20,8.978
5/21/20,12.194
5/22/20,3.136
5/23/20,9.577
5/24/20,11.798
5/25/20,14.354
5/26/20,14.410
5/27/20,13.789
5/28/20,13.565
5/29/20,13.697
5/30/20,13.473
5/31/20,13.031
6/1/20,7.532
6/2/20,2.291
6/3/20,2.778
6/4/20,2.572
6/5/20,5.415
6/6/20,6.686
6/7/20,13.253
6/8/20,9.371
6/9/20,1.690
6/10/20,1.424
6/11/20,6.102
6/12/20,12.188
6/13/20,11.367
6/14/20,3.048
6/15/20,4.472
6/16/20,6.833
6/17/20,7.840
6/18/20,10.728